time_iso,side,type,reason,trigger,price,volume_ratio,space_r,extension_atr
2026-09-25T08:22:31+00:00,LONG,BREAKOUT,前方空間不足 / 價格過度延伸,84063.0,84325.0,1.4753187669828938,0.03679447235116303,1.3406432748538082
2026-09-25T09:18:37+00:00,LONG,BREAKOUT,前方空間不足,84475.0,84526.5,1.52129313251012,0.06080720139117772,0.22970561998215858
2026-09-25T09:31:47+00:00,LONG,BREAKOUT,前方空間不足 / 價格過度延伸,84475.0,84723.3,2.9481062270811336,0.034019900118683076,1.0409342715975567
2026-09-25T11:13:13+00:00,LONG,BREAKOUT,前方空間不足 / 價格過度延伸,84820.0,85095.1,3.0155533210053918,0.9268265980818128,1.2110559084334476
2026-09-25T11:25:41+00:00,LONG,BREAKOUT,前方空間不足,84820.0,84855.1,2.6935193832325535,0.007686705137533363,0.1412880966072678
2026-09-25T13:29:55+00:00,SHORT,BREAKOUT,前方空間不足 / 價格過度延伸,84295.6,84066.4,0.8200668165290224,0.009340606442965235,0.7695148564714184
2026-09-25T18:22:11+00:00,LONG,BREAKOUT,成交量過低 / 前方空間不足,83944.0,83991.4,0.31276212253671076,0.21032257808108631,0.1651650156802032
2026-09-25T20:40:31+00:00,LONG,BREAKOUT,前方空間不足,84038.0,84101.2,1.073509077326311,0.36099488471207436,0.4150872583974305
2026-09-25T20:57:03+00:00,SHORT,PULLBACK,前方空間不足 / 偏追價，等待較好位置,83903.9,83804.2,1.0263361404515947,0.25866195188182245,0.6757031514740578
2026-09-25T21:05:25+00:00,SHORT,BREAKOUT,前方空間不足 / 價格過度延伸,83903.9,83769.1,1.1791946731052219,0.1069597537518409,0.9248260315592693
2026-09-26T00:29:15+00:00,SHORT,PULLBACK,前方空間不足 / 偏追價，等待較好位置,83970.3,83903.4,1.5601754060680852,0.016755076682605428,0.5220153829005302
2026-09-26T00:44:02+00:00,SHORT,BREAKOUT,前方空間不足 / 價格過度延伸,83970.3,83876.2,2.031641767693629,0.017912422608309133,0.7845402572654143
2026-09-26T03:11:28+00:00,SHORT,BREAKOUT,成交量過低 / 前方空間不足 / 偏追價，等待較好位置,83952.8,83902.5,0.6079842880784232,0.011797302125536667,0.5346188885515109
2026-09-26T03:22:58+00:00,SHORT,BREAKOUT,前方空間不足,83952.8,83923.3,0.9821267072233375,0.10116190933796791,0.29955755421774516
2026-09-26T04:31:52+00:00,SHORT,PULLBACK,前方空間不足,83904.5,83874.9,2.317249708861438,0.018101762381969356,0.3245359855901737
2026-09-26T07:10:12+00:00,LONG,PULLBACK,前方空間不足,83939.0,83963.1,1.5143855880432004,0.0902587589678445,0.31188759474957867
2026-09-26T07:21:12+00:00,LONG,BREAKOUT,前方空間不足 / 偏追價，等待較好位置,83939.0,83982.8,1.7388699742585065,0.16160012985719158,0.5560391730142034
2026-09-26T07:40:49+00:00,LONG,PULLBACK,前方空間不足,83989.5,84017.3,2.264900356494033,0.13894472361808016,0.3512635379061878
2026-09-26T07:48:17+00:00,LONG,PULLBACK,前方空間不足 / 偏追價，等待較好位置,83989.5,84039.1,2.988727044892686,0.009883772777235882,0.634039444850357
2026-09-26T08:00:26+00:00,LONG,PULLBACK,前方空間不足 / 價格過度延伸,83989.5,84050.5,2.668009577043497,0.08127692738029742,0.8236088340245239
2026-09-26T08:37:44+00:00,LONG,PULLBACK,前方空間不足 / 價格過度延伸,84100.0,84276.6,4.0,0.09972721477797376,2.3713792441973305
2026-09-26T08:47:01+00:00,LONG,BREAKOUT,前方空間不足 / 價格過度延伸,84100.0,84201.6,5.425877600987369,0.1986710436652729,1.1846422919964348
2026-09-26T09:41:43+00:00,SHORT,BREAKOUT,前方空間不足,83982.5,83976.1,1.8162994611266328,0.04182279393777936,0.06495106922792346
2026-09-26T10:12:27+00:00,LONG,PULLBACK,前方空間不足 / 價格過度延伸,84017.4,84091.8,0.8740364113876503,0.01765883491331853,0.759128343415313
2026-09-26T10:33:07+00:00,LONG,PULLBACK,成交量過低 / 前方空間不足 / 價格過度延伸,84017.4,84096.9,0.6475943773200795,0.015199058638977959,0.7763671875000125
2026-09-26T12:48:20+00:00,SHORT,BREAKOUT,前方空間不足 / 偏追價，等待較好位置,84075.6,84034.3,0.8669644915143647,0.008090755156411656,0.6258930504438611
2026-09-26T12:56:47+00:00,SHORT,BREAKOUT,成交量過低 / 前方空間不足 / 價格過度延伸,84075.6,84013.8,0.5597620401838145,0.09576825272510307,0.9365663563542304
2026-09-26T13:17:16+00:00,SHORT,PULLBACK,前方空間不足 / 價格過度延伸,84004.7,83951.2,2.3427681108962917,0.190073516613207,0.7865994538962187
2026-09-26T13:35:44+00:00,SHORT,BREAKOUT,前方空間不足 / 價格過度延伸,84004.7,83841.1,1.7058970074422874,0.0032610675125851088,2.0951335528721398
2026-09-26T14:38:36+00:00,LONG,BREAKOUT,前方空間不足,83950.5,83969.3,0.7672253834470297,0.03705391933422149,0.2468811556139534
2026-09-26T14:53:57+00:00,LONG,BREAKOUT,前方空間不足 / 價格過度延伸,83950.5,84010.3,1.136818872912996,0.026571317212003103,0.8042267050912862
2026-09-26T15:33:32+00:00,LONG,PULLBACK,前方空間不足 / 價格過度延伸,84015.0,84100.7,2.2009698746358444,0.19446230891294375,1.1226724057265334
2026-09-26T17:05:27+00:00,SHORT,PULLBACK,前方空間不足,84052.3,84048.9,0.7788739772094788,0.14173626929882838,0.056896963901650825
2026-09-26T17:17:38+00:00,SHORT,BREAKOUT,成交量過低 / 前方空間不足 / 偏追價，等待較好位置,84052.3,84020.6,0.5519133182770587,0.004342824645571982,0.5428746177369339
2026-09-26T17:28:14+00:00,SHORT,BREAKOUT,成交量過低 / 前方空間不足,84052.3,84025.9,0.5519133182770587,0.04440800526869854,0.45211009174325273
2026-09-26T17:37:57+00:00,SHORT,BREAKOUT,前方空間不足,84052.3,84032.8,0.9580862605669354,0.10184480034557428,0.3448711470439464
2026-09-26T18:47:37+00:00,SHORT,BREAKOUT,前方空間不足,83987.6,83962.3,2.297129040885389,0.32989186877634086,0.4041533546326236
2026-09-26T20:06:19+00:00,LONG,BREAKOUT,成交量過低 / 前方空間不足,84017.2,84021.2,0.6178633199007374,0.22939613866390618,0.07581911724884857
2026-09-26T20:29:42+00:00,LONG,BREAKOUT,前方空間不足 / 偏追價，等待較好位置,84017.2,84046.4,0.9676217545589072,0.18425819147141517,0.5341696066901316
2026-09-26T20:47:22+00:00,SHORT,PULLBACK,前方空間不足 / 價格過度延伸,83945.2,83853.1,2.99587941538874,0.017817737681059258,1.397723577235662
2026-09-26T21:22:52+00:00,LONG,BREAKOUT,前方空間不足,84055.0,84082.4,2.608036845603597,0.028106335636570175,0.33599019006737707
2026-09-26T21:32:11+00:00,LONG,BREAKOUT,前方空間不足 / 價格過度延伸,84055.0,84153.7,3.194881015194746,0.005866898763773928,1.1316953316953118
2026-09-26T21:47:35+00:00,LONG,BREAKOUT,前方空間不足 / 偏追價，等待較好位置,84055.0,84110.1,1.8998286185343873,0.03641682457295226,0.6082157218324439
2026-09-26T22:08:49+00:00,LONG,BREAKOUT,前方空間不足 / 價格過度延伸,84215.0,84295.8,4.0,0.002018314235783361,0.8713603450932393
2026-09-27T01:49:50+00:00,LONG,PULLBACK,前方空間不足 / 偏追價，等待較好位置,84375.3,84435.3,3.0985963419584075,0.009458788396768803,0.5943115890759895
2026-09-27T01:57:04+00:00,LONG,PULLBACK,前方空間不足 / 價格過度延伸,84375.3,84462.9,3.24656295659689,0.050618386964744085,0.867694920050858
2026-09-27T02:05:24+00:00,LONG,BREAKOUT,前方空間不足,84375.3,84413.0,2.9640520830206,0.1280126432240394,0.3573459715639535
2026-09-27T03:22:46+00:00,SHORT,BREAKOUT,成交量過低 / 前方空間不足,84396.5,84369.5,0.5982086793079138,0.07550132642827329,0.27684195107660875
2026-09-27T04:36:15+00:00,SHORT,BREAKOUT,前方空間不足,84333.0,84327.1,1.1643419383521465,0.08004678852637552,0.06627086007695752
2026-09-27T04:46:23+00:00,SHORT,BREAKOUT,前方空間不足 / 偏追價，等待較好位置,84333.0,84267.7,1.0928502224976915,0.26814253960325396,0.7355970389443676
2026-09-27T05:00:57+00:00,SHORT,BREAKOUT,成交量過低 / 前方空間不足 / 偏追價，等待較好位置,84333.0,84286.3,0.6616561451226846,0.3842047598545818,0.5405986439556625
2026-09-27T05:43:38+00:00,LONG,BREAKOUT,前方空間不足,84478.8,84495.7,3.9420204229705376,0.22601190855187048,0.226650062266427
2026-09-27T07:52:24+00:00,LONG,BREAKOUT,前方空間不足 / 偏追價，等待較好位置,84638.8,84694.9,3.4669980884998517,0.14735448259806844,0.5766943241059349
2026-09-27T08:07:44+00:00,LONG,BREAKOUT,前方空間不足 / 價格過度延伸,84638.8,84806.9,4.0,0.023600216957294348,1.5878820592401786
2026-09-27T08:44:16+00:00,LONG,BREAKOUT,前方空間不足,84638.8,84662.1,1.724718333287048,0.03134929555215209,0.2044756472137135
2026-09-27T09:51:05+00:00,LONG,BREAKOUT,前方空間不足,84848.0,84897.0,3.3938224888519413,0.7067811681018246,0.41265640038497975
2026-09-27T10:19:12+00:00,LONG,BREAKOUT,前方空間不足 / 價格過度延伸,84848.0,84962.1,4.0,0.5049374783514302,0.8997409034584096
2026-09-27T12:23:54+00:00,LONG,BREAKOUT,前方空間不足,84911.0,84936.7,0.7669365820500831,0.803948769235705,0.21541040531638547
2026-09-27T12:38:36+00:00,LONG,BREAKOUT,成交量過低 / 前方空間不足,84911.0,84927.5,0.6001070895838084,0.8976348699387585,0.13980512013556834
2026-09-27T12:59:04+00:00,SHORT,BREAKOUT,前方空間不足,84794.0,84766.6,0.9686185321927888,0.0012463194629089428,0.2557162855809084
2026-09-27T14:50:42+00:00,SHORT,BREAKOUT,前方空間不足 / 價格過度延伸,84698.8,84508.3,4.0,0.12476469244079386,1.0491738788355747
2026-09-27T14:56:33+00:00,SHORT,BREAKOUT,前方空間不足 / 偏追價，等待較好位置,84698.8,84591.8,3.189560094167332,0.0031417137300421617,0.5892997639653884
2026-09-27T16:44:36+00:00,SHORT,PULLBACK,前方空間不足,84368.8,84352.7,1.168470356871511,0.06786225291360207,0.06784864995035793
2026-09-27T17:46:29+00:00,LONG,BREAKOUT,成交量過低 / 前方空間不足,84448.9,84485.2,0.44854802837539987,0.2819350481821041,0.19918476130753612
2026-09-27T18:09:43+00:00,LONG,BREAKOUT,成交量過低 / 前方空間不足 / 偏追價，等待較好位置,84448.9,84537.3,0.2606767217115529,0.04601071898065759,0.5382741823243473
2026-09-27T18:24:31+00:00,LONG,BREAKOUT,成交量過低 / 前方空間不足 / 價格過度延伸,84448.9,84647.5,0.6509125576944801,0.15660722694411297,1.2604950584822354
2026-09-27T18:36:55+00:00,LONG,BREAKOUT,前方空間不足 / 價格過度延伸,84448.9,84695.9,0.7017606587004039,0.010740917468976196,1.7059694129255178
